{
    "name":"Config 30K full scale full duration 4, 2023-29-10",
    "dt":0.001,
    "pb":101325,
    "tank":{
        "v":0.031,
        "x":0.54,
        "p":4.8258e06
    },
    "injector":{
        "a":1.8e-4,
        "cd":0.375
    },
    "chamber":{
        "ri":0.031,
        "re":0.063855,
        "l":0.4445,
        "efficiency":0.95,
        "fuel":{
            "a":0.0002,
            "n":0.5,
            "density":969,
            "c":[1043.511038347968, 191.34119682349473, 21.814788271578433, -18.003201910222227, -6.777365542327267, -6.214294253776049, 0.9098598428234226, 1.7249665520956765, -0.372633420103326, 1.4156062321896583, -0.1624509950765578, -0.0840924417308857, -0.03655490987557908, 0.06440159484295371, -0.12010608442344983, 0.01099791268453032]
        }
    },
    "nozzle":{
        "at":1.7e-3,
        "expan":3.0
    }
}
